,img_source
0,https://www.sephora.com/productimages/sku/s1932219-main-zoom.jpg?imwidth=465
1,https://www.sephora.com/productimages/sku/s1850320-main-zoom.jpg?imwidth=465
2,https://www.sephora.com/productimages/sku/s2025633-main-zoom.jpg?imwidth=465
3,None
4,https://www.sephora.com/productimages/sku/s2599835-main-zoom.jpg?imwidth=465
5,https://www.sephora.com/productimages/sku/s1932920-main-zoom.jpg?imwidth=465
6,None
7,https://www.sephora.com/productimages/sku/s1679315-main-zoom.jpg?imwidth=465
8,https://www.sephora.com/productimages/sku/s2663763-main-zoom.jpg?imwidth=465
9,None
10,None
11,https://www.sephora.com/productimages/sku/s1988732-main-zoom.jpg?imwidth=465
12,https://www.sephora.com/productimages/sku/s1686427-main-zoom.jpg?imwidth=465
13,https://www.sephora.com/productimages/sku/s1681881-main-zoom.jpg?imwidth=465
14,https://www.sephora.com/productimages/sku/s2138378-main-zoom.jpg?imwidth=465
15,None
16,https://www.sephora.com/productimages/sku/s1217744-main-zoom.jpg?imwidth=465
17,None
18,None
19,None
20,https://www.sephora.com/productimages/sku/s1932193-main-zoom.jpg?imwidth=465
21,https://www.sephora.com/productimages/sku/s2176972-main-zoom.jpg?imwidth=465
22,https://www.sephora.com/productimages/sku/s1375450-main-zoom.jpg?imwidth=465
23,https://www.sephora.com/productimages/sku/s1673888-main-zoom.jpg?imwidth=465
24,https://www.sephora.com/productimages/sku/s1686419-main-zoom.jpg?imwidth=465
25,https://www.sephora.com/productimages/sku/s2486272-main-zoom.jpg?imwidth=465
26,https://www.sephora.com/productimages/sku/s2015378-main-zoom.jpg?imwidth=465
27,None
28,https://www.sephora.com/productimages/sku/s1538354-main-zoom.jpg?imwidth=465
29,https://www.sephora.com/productimages/sku/s1863208-main-zoom.jpg?imwidth=465
30,None
31,https://www.sephora.com/productimages/sku/s2466613-main-zoom.jpg?imwidth=465
32,None
33,https://www.sephora.com/productimages/sku/s1299205-main-zoom.jpg?imwidth=465
34,https://www.sephora.com/productimages/sku/s2088276-main-zoom.jpg?imwidth=465
35,None
36,None
37,None
38,https://www.sephora.com/productimages/sku/s1448612-main-zoom.jpg?imwidth=465
39,None
40,https://www.sephora.com/productimages/sku/s1742337-main-zoom.jpg?imwidth=465
41,None
42,https://www.sephora.com/productimages/sku/s789727-main-zoom.jpg?imwidth=465
43,https://www.sephora.com/productimages/sku/s2106078-main-zoom.jpg?imwidth=465
44,https://www.sephora.com/productimages/sku/s1842251-main-zoom.jpg?imwidth=465
45,None
46,None
47,None
48,None
49,None
50,https://www.sephora.com/productimages/sku/s1434190-main-zoom.jpg?imwidth=465
51,https://www.sephora.com/productimages/sku/s2088029-main-zoom.jpg?imwidth=465
52,https://www.sephora.com/productimages/sku/s1932532-main-zoom.jpg?imwidth=465
53,https://www.sephora.com/productimages/sku/s2382166-main-zoom.jpg?imwidth=465
54,https://www.sephora.com/productimages/sku/s2413045-main-zoom.jpg?imwidth=465
55,None
56,https://www.sephora.com/productimages/sku/s2264109-main-zoom.jpg?imwidth=465
57,None
58,None
59,https://www.sephora.com/productimages/sku/s1939131-main-zoom.jpg?imwidth=465
60,https://www.sephora.com/productimages/sku/s2071751-main-zoom.jpg?imwidth=465
61,None
62,https://www.sephora.com/productimages/sku/s1292820-main-zoom.jpg?imwidth=465
63,https://www.sephora.com/productimages/sku/s1855709-main-zoom.jpg?imwidth=465
64,None
65,https://www.sephora.com/productimages/sku/s1754613-main-zoom.jpg?imwidth=465
66,None
67,None
68,https://www.sephora.com/productimages/sku/s2222941-main-zoom.jpg?imwidth=465
69,None
70,https://www.sephora.com/productimages/sku/s1869015-main-zoom.jpg?imwidth=465
71,None
72,None
73,None
74,None
75,https://www.sephora.com/productimages/sku/s1418607-main-zoom.jpg?imwidth=465
76,None
77,None
78,None
79,None
80,None
81,https://www.sephora.com/productimages/sku/s1898550-main-zoom.jpg?imwidth=465
82,None
83,https://www.sephora.com/productimages/sku/s2599769-main-zoom.jpg?imwidth=465
84,None
85,None
86,https://www.sephora.com/productimages/sku/s2532075-main-zoom.jpg?imwidth=465
87,None
88,None
89,https://www.sephora.com/productimages/sku/s2129849-main-zoom.jpg?imwidth=465
90,https://www.sephora.com/productimages/sku/s2102028-main-zoom.jpg?imwidth=465
91,https://www.sephora.com/productimages/sku/s759779-main-zoom.jpg?imwidth=465
92,None
93,None
94,None
95,https://www.sephora.com/productimages/sku/s662429-main-zoom.jpg?imwidth=465
96,https://www.sephora.com/productimages/sku/s2049286-main-zoom.jpg?imwidth=465
97,None
98,https://www.sephora.com/productimages/sku/s2060960-main-zoom.jpg?imwidth=465
99,None
100,None
101,https://www.sephora.com/productimages/sku/s1459163-main-zoom.jpg?imwidth=465
102,https://www.sephora.com/productimages/sku/s1582477-main-zoom.jpg?imwidth=465
103,https://www.sephora.com/productimages/sku/s2227619-main-zoom.jpg?imwidth=465
104,https://www.sephora.com/productimages/sku/s2267813-main-zoom.jpg?imwidth=465
105,https://www.sephora.com/productimages/sku/s2240331-main-zoom.jpg?imwidth=465
106,https://www.sephora.com/productimages/sku/s1775154-main-zoom.jpg?imwidth=465
107,None
108,None
109,None
110,https://www.sephora.com/productimages/sku/s2118685-main-zoom.jpg?imwidth=465
111,https://www.sephora.com/productimages/sku/s1755206-main-zoom.jpg?imwidth=465
112,None
113,https://www.sephora.com/productimages/sku/s2111649-main-zoom.jpg?imwidth=465
114,https://www.sephora.com/productimages/sku/s2142065-main-zoom.jpg?imwidth=465
115,https://www.sephora.com/productimages/sku/s1863604-main-zoom.jpg?imwidth=465
116,None
117,None
118,None
119,https://www.sephora.com/productimages/sku/s2105856-main-zoom.jpg?imwidth=465
120,None
121,https://www.sephora.com/productimages/sku/s2102010-main-zoom.jpg?imwidth=465
122,None
123,None
124,https://www.sephora.com/productimages/sku/s1868231-main-zoom.jpg?imwidth=465
125,None
126,None
127,https://www.sephora.com/productimages/sku/s1926369-main-zoom.jpg?imwidth=465
128,None
129,None
130,None
131,https://www.sephora.com/productimages/sku/s2067916-main-zoom.jpg?imwidth=465
132,None
133,https://www.sephora.com/productimages/sku/s2210425-main-zoom.jpg?imwidth=465
134,None
135,None
136,None
137,https://www.sephora.com/productimages/sku/s1670090-main-zoom.jpg?imwidth=465
138,None
139,None
140,https://www.sephora.com/productimages/sku/s2468700-main-zoom.jpg?imwidth=465
141,https://www.sephora.com/productimages/sku/s1818772-main-zoom.jpg?imwidth=465
142,https://www.sephora.com/productimages/sku/s2051910-main-zoom.jpg?imwidth=465
143,https://www.sephora.com/productimages/sku/s2145340-main-zoom.jpg?imwidth=465
144,None
145,None
146,https://www.sephora.com/productimages/sku/s1947878-main-zoom.jpg?imwidth=465
147,None
148,https://www.sephora.com/productimages/sku/s1863216-main-zoom.jpg?imwidth=465
149,None
150,https://www.sephora.com/productimages/sku/s2139970-main-zoom.jpg?imwidth=465
151,None
152,None
153,https://www.sephora.com/productimages/sku/s2264810-main-zoom.jpg?imwidth=465
154,None
155,None
156,https://www.sephora.com/productimages/sku/s1566124-main-zoom.jpg?imwidth=465
157,https://www.sephora.com/productimages/sku/s2051944-main-zoom.jpg?imwidth=465
158,https://www.sephora.com/productimages/sku/s1459221-main-zoom.jpg?imwidth=465
159,None
160,None
161,None
162,https://www.sephora.com/productimages/sku/s1826148-main-zoom.jpg?imwidth=465
163,https://www.sephora.com/productimages/sku/s1932268-main-zoom.jpg?imwidth=465
164,None
165,None
166,None
167,None
168,https://www.sephora.com/productimages/sku/s1207174-main-zoom.jpg?imwidth=465
169,https://www.sephora.com/productimages/sku/s1509512-main-zoom.jpg?imwidth=465
170,None
171,https://www.sephora.com/productimages/sku/s2009215-main-zoom.jpg?imwidth=465
172,https://www.sephora.com/productimages/sku/s1800259-main-zoom.jpg?imwidth=465
173,None
174,https://www.sephora.com/productimages/sku/s1468438-main-zoom.jpg?imwidth=465
175,None
176,None
177,https://www.sephora.com/productimages/sku/s1932532-main-zoom.jpg?imwidth=465
178,None
179,None
180,None
181,https://www.sephora.com/productimages/sku/s1773209-main-zoom.jpg?imwidth=465
182,None
183,None
184,https://www.sephora.com/productimages/sku/s1630300-main-zoom.jpg?imwidth=465
185,None
186,None
187,https://www.sephora.com/productimages/sku/s1167196-main-zoom.jpg?imwidth=465
188,None
189,https://www.sephora.com/productimages/sku/s1357847-main-zoom.jpg?imwidth=465
190,https://www.sephora.com/productimages/sku/s1957091-main-zoom.jpg?imwidth=465
191,None
192,None
193,None
194,None
195,None
196,None
197,None
198,None
199,None
200,None
201,None
202,https://www.sephora.com/productimages/sku/s1782085-main-zoom.jpg?imwidth=465
203,None
204,https://www.sephora.com/productimages/sku/s1991660-main-zoom.jpg?imwidth=465
205,None
206,None
207,https://www.sephora.com/productimages/sku/s1898790-main-zoom.jpg?imwidth=465
208,None
209,None
210,None
211,None
212,None
213,None
214,None
215,None
216,None
217,None
218,https://www.sephora.com/productimages/sku/s1420223-main-zoom.jpg?imwidth=465
219,None
220,https://www.sephora.com/productimages/sku/s1324631-main-zoom.jpg?imwidth=465
221,None
222,https://www.sephora.com/productimages/sku/s1484641-main-zoom.jpg?imwidth=465
223,https://www.sephora.com/productimages/sku/s2664282-main-zoom.jpg?imwidth=465
224,https://www.sephora.com/productimages/sku/s1894039-main-zoom.jpg?imwidth=465
225,None
226,None
227,https://www.sephora.com/productimages/sku/s1583426-main-zoom.jpg?imwidth=465
228,None
229,None
230,None
231,https://www.sephora.com/productimages/sku/s1898220-main-zoom.jpg?imwidth=465
232,None
233,None
234,None
235,https://www.sephora.com/productimages/sku/s2210292-main-zoom.jpg?imwidth=465
236,None
237,None
238,None
239,https://www.sephora.com/productimages/sku/s1755198-main-zoom.jpg?imwidth=465
240,None
241,None
242,None
243,None
244,https://www.sephora.com/productimages/sku/s2532067-main-zoom.jpg?imwidth=465
245,https://www.sephora.com/productimages/sku/s1564475-main-zoom.jpg?imwidth=465
246,None
247,None
248,https://www.sephora.com/productimages/sku/s1626969-main-zoom.jpg?imwidth=465
249,None
250,https://www.sephora.com/productimages/sku/s1459155-main-zoom.jpg?imwidth=465
251,https://www.sephora.com/productimages/sku/s2051902-main-zoom.jpg?imwidth=465
252,None
253,https://www.sephora.com/productimages/sku/s1826163-main-zoom.jpg?imwidth=465
254,None
255,https://www.sephora.com/productimages/sku/s1976414-main-zoom.jpg?imwidth=465
256,None
257,None
258,None
259,None
260,https://www.sephora.com/productimages/sku/s1635499-main-zoom.jpg?imwidth=465
261,None
262,https://www.sephora.com/productimages/sku/s1488733-main-zoom.jpg?imwidth=465
263,https://www.sephora.com/productimages/sku/s1540392-main-zoom.jpg?imwidth=465
264,None
265,None
266,None
267,None
268,https://www.sephora.com/productimages/sku/s1064062-main-zoom.jpg?imwidth=465
269,None
270,https://www.sephora.com/productimages/sku/s1692144-main-zoom.jpg?imwidth=465
271,None
272,None
273,https://www.sephora.com/productimages/sku/s1468164-main-zoom.jpg?imwidth=465
274,None
275,None
276,https://www.sephora.com/productimages/sku/s1287952-main-zoom.jpg?imwidth=465
277,None
278,None
279,https://www.sephora.com/productimages/sku/s2002731-main-zoom.jpg?imwidth=465
280,None
281,None
282,None
283,None
284,https://www.sephora.com/productimages/sku/s1988625-main-zoom.jpg?imwidth=465
285,https://www.sephora.com/productimages/sku/s2028439-main-zoom.jpg?imwidth=465
286,None
287,None
288,None
289,https://www.sephora.com/productimages/sku/s1898634-main-zoom.jpg?imwidth=465
290,None
291,None
292,None
293,None
294,None
295,https://www.sephora.com/productimages/sku/s1982057-main-zoom.jpg?imwidth=465
296,https://www.sephora.com/productimages/sku/s1979954-main-zoom.jpg?imwidth=465
297,None
298,https://www.sephora.com/productimages/sku/s1809003-main-zoom.jpg?imwidth=465
299,None
300,https://www.sephora.com/productimages/sku/s1850320-main-zoom.jpg?imwidth=465
301,https://www.sephora.com/productimages/sku/s1912385-main-zoom.jpg?imwidth=465
302,https://www.sephora.com/productimages/sku/s2427714-main-zoom.jpg?imwidth=465
303,https://www.sephora.com/productimages/sku/s2534675-main-zoom.jpg?imwidth=465
304,https://www.sephora.com/productimages/sku/s1899103-main-zoom.jpg?imwidth=465
305,None
306,https://www.sephora.com/productimages/sku/s534529-main-zoom.jpg?imwidth=465
307,None
308,https://www.sephora.com/productimages/sku/s1924901-main-zoom.jpg?imwidth=465
309,https://www.sephora.com/productimages/sku/s2468734-main-zoom.jpg?imwidth=465
310,https://www.sephora.com/productimages/sku/s886267-main-zoom.jpg?imwidth=465
311,https://www.sephora.com/productimages/sku/s2666386-main-zoom.jpg?imwidth=465
312,https://www.sephora.com/productimages/sku/s534628-main-zoom.jpg?imwidth=465
313,https://www.sephora.com/productimages/sku/s2070100-main-zoom.jpg?imwidth=465
314,https://www.sephora.com/productimages/sku/s2466613-main-zoom.jpg?imwidth=465
315,https://www.sephora.com/productimages/sku/s2468916-main-zoom.jpg?imwidth=465
316,https://www.sephora.com/productimages/sku/s1217710-main-zoom.jpg?imwidth=465
317,https://www.sephora.com/productimages/sku/s1375682-main-zoom.jpg?imwidth=465
318,https://www.sephora.com/productimages/sku/s101220-main-zoom.jpg?imwidth=465
319,https://www.sephora.com/productimages/sku/s1201748-main-zoom.jpg?imwidth=465
320,None
321,None
322,None
323,None
324,https://www.sephora.com/productimages/sku/s1932367-main-zoom.jpg?imwidth=465
325,None
326,https://www.sephora.com/productimages/sku/s2022598-main-zoom.jpg?imwidth=465
327,None
328,https://www.sephora.com/productimages/sku/s1910686-main-zoom.jpg?imwidth=465
329,None
330,https://www.sephora.com/productimages/sku/s48074-main-zoom.jpg?imwidth=465
331,https://www.sephora.com/productimages/sku/s1850338-main-zoom.jpg?imwidth=465
332,https://www.sephora.com/productimages/sku/s562082-main-zoom.jpg?imwidth=465
333,None
334,https://www.sephora.com/productimages/sku/s1778349-main-zoom.jpg?imwidth=465
335,https://www.sephora.com/productimages/sku/s2129849-main-zoom.jpg?imwidth=465
336,https://www.sephora.com/productimages/sku/s1863588-main-zoom.jpg?imwidth=465
337,None
338,None
339,None
340,https://www.sephora.com/productimages/sku/s1258284-main-zoom.jpg?imwidth=465
341,https://www.sephora.com/productimages/sku/s1988658-main-zoom.jpg?imwidth=465
342,https://www.sephora.com/productimages/sku/s1448596-main-zoom.jpg?imwidth=465
343,None
344,https://www.sephora.com/productimages/sku/s899070-main-zoom.jpg?imwidth=465
345,None
346,https://www.sephora.com/productimages/sku/s1683382-main-zoom.jpg?imwidth=465
347,None
348,None
349,None
350,None
351,None
352,None
353,https://www.sephora.com/productimages/sku/s2664266-main-zoom.jpg?imwidth=465
354,https://www.sephora.com/productimages/sku/s1295708-main-zoom.jpg?imwidth=465
355,https://www.sephora.com/productimages/sku/s2664233-main-zoom.jpg?imwidth=465
356,None
357,https://www.sephora.com/productimages/sku/s1802909-main-zoom.jpg?imwidth=465
358,https://www.sephora.com/productimages/sku/s1802677-main-zoom.jpg?imwidth=465
359,None
360,None
361,https://www.sephora.com/productimages/sku/s2148476-main-zoom.jpg?imwidth=465
362,https://www.sephora.com/productimages/sku/s571265-main-zoom.jpg?imwidth=465
363,None
364,https://www.sephora.com/productimages/sku/s654228-main-zoom.jpg?imwidth=465
365,https://www.sephora.com/productimages/sku/s1702950-main-zoom.jpg?imwidth=465
366,None
367,https://www.sephora.com/productimages/sku/s1932383-main-zoom.jpg?imwidth=465
368,None
369,https://www.sephora.com/productimages/sku/s1906106-main-zoom.jpg?imwidth=465
370,None
371,None
372,None
373,None
374,https://www.sephora.com/productimages/sku/s2046597-main-zoom.jpg?imwidth=465
375,https://www.sephora.com/productimages/sku/s1027507-main-zoom.jpg?imwidth=465
376,https://www.sephora.com/productimages/sku/s1679281-main-zoom.jpg?imwidth=465
377,None
378,None
379,https://www.sephora.com/productimages/sku/s2046639-main-zoom.jpg?imwidth=465
380,None
381,https://www.sephora.com/productimages/sku/s2210383-main-zoom.jpg?imwidth=465
382,None
383,None
384,None
385,None
386,https://www.sephora.com/productimages/sku/s579490-main-zoom.jpg?imwidth=465
387,https://www.sephora.com/productimages/sku/s2062495-main-zoom.jpg?imwidth=465
388,https://www.sephora.com/productimages/sku/s1679273-main-zoom.jpg?imwidth=465
389,https://www.sephora.com/productimages/sku/s1596527-main-zoom.jpg?imwidth=465
390,https://www.sephora.com/productimages/sku/s1910702-main-zoom.jpg?imwidth=465
391,https://www.sephora.com/productimages/sku/s2083798-main-zoom.jpg?imwidth=465
392,https://www.sephora.com/productimages/sku/s2131803-main-zoom.jpg?imwidth=465
393,https://www.sephora.com/productimages/sku/s2066009-main-zoom.jpg?imwidth=465
394,None
395,None
396,None
397,None
398,https://www.sephora.com/productimages/sku/s2377422-main-zoom.jpg?imwidth=465
399,None
400,https://www.sephora.com/productimages/sku/s973628-main-zoom.jpg?imwidth=465
401,https://www.sephora.com/productimages/sku/s1027473-main-zoom.jpg?imwidth=465
402,https://www.sephora.com/productimages/sku/s1989367-main-zoom.jpg?imwidth=465
403,https://www.sephora.com/productimages/sku/s2129856-main-zoom.jpg?imwidth=465
404,https://www.sephora.com/productimages/sku/s1295716-main-zoom.jpg?imwidth=465
405,https://www.sephora.com/productimages/sku/s1324631-main-zoom.jpg?imwidth=465
406,https://www.sephora.com/productimages/sku/s2029437-main-zoom.jpg?imwidth=465
407,None
408,https://www.sephora.com/productimages/sku/s1583426-main-zoom.jpg?imwidth=465
409,https://www.sephora.com/productimages/sku/s47860-main-zoom.jpg?imwidth=465
410,None
411,https://www.sephora.com/productimages/sku/s1676154-main-zoom.jpg?imwidth=465
412,https://www.sephora.com/productimages/sku/s1988757-main-zoom.jpg?imwidth=465
413,https://www.sephora.com/productimages/sku/s2057636-main-zoom.jpg?imwidth=465
414,None
415,None
416,https://www.sephora.com/productimages/sku/s1108836-main-zoom.jpg?imwidth=465
417,None
418,https://www.sephora.com/productimages/sku/s663922-main-zoom.jpg?imwidth=465
419,None
420,https://www.sephora.com/productimages/sku/s564260-main-zoom.jpg?imwidth=465
421,None
422,https://www.sephora.com/productimages/sku/s2048932-main-zoom.jpg?imwidth=465
423,None
424,https://www.sephora.com/productimages/sku/s2051902-main-zoom.jpg?imwidth=465
425,None
426,None
427,None
428,https://www.sephora.com/productimages/sku/s654798-main-zoom.jpg?imwidth=465
429,None
430,None
431,None
432,None
433,None
434,https://www.sephora.com/productimages/sku/s1910678-main-zoom.jpg?imwidth=465
435,None
436,None
437,None
438,None
439,None
440,https://www.sephora.com/productimages/sku/s1979954-main-zoom.jpg?imwidth=465
441,None
442,https://www.sephora.com/productimages/sku/s1672120-main-zoom.jpg?imwidth=465
443,None
444,https://www.sephora.com/productimages/sku/s1604438-main-zoom.jpg?imwidth=465
445,None
446,None
447,https://www.sephora.com/productimages/sku/s1641778-main-zoom.jpg?imwidth=465
448,None
449,https://www.sephora.com/productimages/sku/s47936-main-zoom.jpg?imwidth=465
450,https://www.sephora.com/productimages/sku/s1802354-main-zoom.jpg?imwidth=465
451,None
452,None
453,https://www.sephora.com/productimages/sku/s1567205-main-zoom.jpg?imwidth=465
454,None
455,None
456,None
457,https://www.sephora.com/productimages/sku/s48041-main-zoom.jpg?imwidth=465
458,None
459,None
460,None
461,None
462,None
463,https://www.sephora.com/productimages/sku/s1709831-main-zoom.jpg?imwidth=465
464,None
465,None
466,None
467,None
468,https://www.sephora.com/productimages/sku/s2118404-main-zoom.jpg?imwidth=465
469,None
470,None
471,https://www.sephora.com/productimages/sku/s1819960-main-zoom.jpg?imwidth=465
472,https://www.sephora.com/productimages/sku/s654236-main-zoom.jpg?imwidth=465
473,None
474,None
475,None
476,None
477,None
478,None
479,None
480,None
481,None
482,None
483,None
484,None
485,None
486,https://www.sephora.com/productimages/sku/s1494756-main-zoom.jpg?imwidth=465
487,None
488,None
489,None
490,None
491,https://www.sephora.com/productimages/sku/s1703123-main-zoom.jpg?imwidth=465
492,https://www.sephora.com/productimages/sku/s2009256-main-zoom.jpg?imwidth=465
493,None
494,None
495,None
496,https://www.sephora.com/productimages/sku/s2044204-main-zoom.jpg?imwidth=465
497,None
498,None
499,None
500,None
501,https://www.sephora.com/productimages/sku/s2083780-main-zoom.jpg?imwidth=465
502,https://www.sephora.com/productimages/sku/s1843788-main-zoom.jpg?imwidth=465
503,None
504,None
505,None
506,https://www.sephora.com/productimages/sku/s654806-main-zoom.jpg?imwidth=465
507,None
508,https://www.sephora.com/productimages/sku/s646976-main-zoom.jpg?imwidth=465
509,None
510,https://www.sephora.com/productimages/sku/s1535764-main-zoom.jpg?imwidth=465
511,None
512,None
513,https://www.sephora.com/productimages/sku/s2129849-main-zoom.jpg?imwidth=465
514,None
515,None
516,None
517,None
518,None
519,None
520,None
521,None
522,None
523,https://www.sephora.com/productimages/sku/s2210409-main-zoom.jpg?imwidth=465
524,None
525,https://www.sephora.com/productimages/sku/s1295690-main-zoom.jpg?imwidth=465
526,None
527,None
528,None
529,None
530,None
531,None
532,https://www.sephora.com/productimages/sku/s1746593-main-zoom.jpg?imwidth=465
533,None
534,None
535,None
536,None
537,None
538,None
539,None
540,None
541,https://www.sephora.com/productimages/sku/s1123116-main-zoom.jpg?imwidth=465
542,None
543,None
544,None
545,None
546,None
547,None
548,https://www.sephora.com/productimages/sku/s1663822-main-zoom.jpg?imwidth=465
549,None
550,None
551,None
552,None
553,None
554,None
555,None
556,None
557,None
558,None
559,https://www.sephora.com/productimages/sku/s2163004-main-zoom.jpg?imwidth=465
560,None
561,None
562,None
563,None
564,None
565,https://www.sephora.com/productimages/sku/s1932375-main-zoom.jpg?imwidth=465
566,https://www.sephora.com/productimages/sku/s1166974-main-zoom.jpg?imwidth=465
567,https://www.sephora.com/productimages/sku/s1649771-main-zoom.jpg?imwidth=465
568,None
569,None
570,None
571,None
572,None
573,None
574,None
575,None
576,https://www.sephora.com/productimages/sku/s2100089-main-zoom.jpg?imwidth=465
577,None
578,None
579,https://www.sephora.com/productimages/sku/s1521475-main-zoom.jpg?imwidth=465
580,https://www.sephora.com/productimages/sku/s1295724-main-zoom.jpg?imwidth=465
581,None
582,https://www.sephora.com/productimages/sku/s590927-main-zoom.jpg?imwidth=465
583,None
584,None
585,None
586,https://www.sephora.com/productimages/sku/s1898782-main-zoom.jpg?imwidth=465
587,None
588,None
589,None
590,None
591,None
592,None
593,None
594,None
595,https://www.sephora.com/productimages/sku/s1925940-main-zoom.jpg?imwidth=465
596,None
597,None
598,None
599,None
600,https://www.sephora.com/productimages/sku/s1850320-main-zoom.jpg?imwidth=465
601,https://www.sephora.com/productimages/sku/s1912385-main-zoom.jpg?imwidth=465
602,https://www.sephora.com/productimages/sku/s2464949-main-zoom.jpg?imwidth=465
603,https://www.sephora.com/productimages/sku/s1887298-main-zoom.jpg?imwidth=465
604,https://www.sephora.com/productimages/sku/s2379683-main-zoom.jpg?imwidth=465
605,https://www.sephora.com/productimages/sku/s2427714-main-zoom.jpg?imwidth=465
606,None
607,None
608,https://www.sephora.com/productimages/sku/s1499482-main-zoom.jpg?imwidth=465
609,https://www.sephora.com/productimages/sku/s1528066-main-zoom.jpg?imwidth=465
610,https://www.sephora.com/productimages/sku/s1989474-main-zoom.jpg?imwidth=465
611,None
612,https://www.sephora.com/productimages/sku/s1988732-main-zoom.jpg?imwidth=465
613,None
614,https://www.sephora.com/productimages/sku/s1681881-main-zoom.jpg?imwidth=465
615,None
616,https://www.sephora.com/productimages/sku/s1785856-main-zoom.jpg?imwidth=465
617,None
618,https://www.sephora.com/productimages/sku/s1499474-main-zoom.jpg?imwidth=465
619,None
620,None
621,None
622,None
623,None
624,https://www.sephora.com/productimages/sku/s1933225-main-zoom.jpg?imwidth=465
625,None
626,https://www.sephora.com/productimages/sku/s1201748-main-zoom.jpg?imwidth=465
627,https://www.sephora.com/productimages/sku/s1842251-main-zoom.jpg?imwidth=465
628,https://www.sephora.com/productimages/sku/s2459261-main-zoom.jpg?imwidth=465
629,https://www.sephora.com/productimages/sku/s2664191-main-zoom.jpg?imwidth=465
630,https://www.sephora.com/productimages/sku/s1973973-main-zoom.jpg?imwidth=465
631,https://www.sephora.com/productimages/sku/s2382166-main-zoom.jpg?imwidth=465
632,None
633,https://www.sephora.com/productimages/sku/s1754589-main-zoom.jpg?imwidth=465
634,https://www.sephora.com/productimages/sku/s2610616-main-zoom.jpg?imwidth=465
635,https://www.sephora.com/productimages/sku/s1855709-main-zoom.jpg?imwidth=465
636,None
637,https://www.sephora.com/productimages/sku/s2532505-main-zoom.jpg?imwidth=465
638,https://www.sephora.com/productimages/sku/s2025591-main-zoom.jpg?imwidth=465
639,None
640,https://www.sephora.com/productimages/sku/s1309608-main-zoom.jpg?imwidth=465
641,https://www.sephora.com/productimages/sku/s1418607-main-zoom.jpg?imwidth=465
642,None
643,None
644,https://www.sephora.com/productimages/sku/s2404721-main-zoom.jpg?imwidth=465
645,None
646,https://www.sephora.com/productimages/sku/s2457224-main-zoom.jpg?imwidth=465
647,https://www.sephora.com/productimages/sku/s1468230-main-zoom.jpg?imwidth=465
648,https://www.sephora.com/productimages/sku/s1932284-main-zoom.jpg?imwidth=465
649,https://www.sephora.com/productimages/sku/s2267805-main-zoom.jpg?imwidth=465
650,https://www.sephora.com/productimages/sku/s1167147-main-zoom.jpg?imwidth=465
651,None
652,https://www.sephora.com/productimages/sku/s2028397-main-zoom.jpg?imwidth=465
653,None
654,None
655,https://www.sephora.com/productimages/sku/s784603-main-zoom.jpg?imwidth=465
656,https://www.sephora.com/productimages/sku/s2106086-main-zoom.jpg?imwidth=465
657,None
658,None
659,None
660,None
661,None
662,None
663,None
664,https://www.sephora.com/productimages/sku/s1224781-main-zoom.jpg?imwidth=465
665,None
666,https://www.sephora.com/productimages/sku/s1495860-main-zoom.jpg?imwidth=465
667,None
668,None
669,None
670,None
671,https://www.sephora.com/productimages/sku/s1985217-main-zoom.jpg?imwidth=465
672,None
673,None
674,None
675,https://www.sephora.com/productimages/sku/s1818772-main-zoom.jpg?imwidth=465
676,None
677,None
678,https://www.sephora.com/productimages/sku/s654228-main-zoom.jpg?imwidth=465
679,None
680,None
681,None
682,https://www.sephora.com/productimages/sku/s2604486-main-zoom.jpg?imwidth=465
683,https://www.sephora.com/productimages/sku/s2311793-main-zoom.jpg?imwidth=465
684,None
685,https://www.sephora.com/productimages/sku/s1375690-main-zoom.jpg?imwidth=465
686,https://www.sephora.com/productimages/sku/s2212058-main-zoom.jpg?imwidth=465
687,https://www.sephora.com/productimages/sku/s1906106-main-zoom.jpg?imwidth=465
688,None
689,None
690,None
691,None
692,https://www.sephora.com/productimages/sku/s1027507-main-zoom.jpg?imwidth=465
693,None
694,None
695,https://www.sephora.com/productimages/sku/s1857002-main-zoom.jpg?imwidth=465
696,None
697,None
698,None
699,None
700,https://www.sephora.com/productimages/sku/s2496453-main-zoom.jpg?imwidth=465
701,None
702,https://www.sephora.com/productimages/sku/s1490333-main-zoom.jpg?imwidth=465
703,None
704,https://www.sephora.com/productimages/sku/s1572445-main-zoom.jpg?imwidth=465
705,https://www.sephora.com/productimages/sku/s2083798-main-zoom.jpg?imwidth=465
706,None
707,None
708,None
709,https://www.sephora.com/productimages/sku/s1614759-main-zoom.jpg?imwidth=465
710,https://www.sephora.com/productimages/sku/s1592831-main-zoom.jpg?imwidth=465
711,https://www.sephora.com/productimages/sku/s2450856-main-zoom.jpg?imwidth=465
712,None
713,None
714,None
715,https://www.sephora.com/productimages/sku/s2062990-main-zoom.jpg?imwidth=465
716,https://www.sephora.com/productimages/sku/s2264786-main-zoom.jpg?imwidth=465
717,None
718,https://www.sephora.com/productimages/sku/s2377422-main-zoom.jpg?imwidth=465
719,https://www.sephora.com/productimages/sku/s1933100-main-zoom.jpg?imwidth=465
720,None
721,https://www.sephora.com/productimages/sku/s1540426-main-zoom.jpg?imwidth=465
722,None
723,https://www.sephora.com/productimages/sku/s1027473-main-zoom.jpg?imwidth=465
724,None
725,None
726,None
727,https://www.sephora.com/productimages/sku/s2028397-main-zoom.jpg?imwidth=465
728,None
729,https://www.sephora.com/productimages/sku/s2066025-main-zoom.jpg?imwidth=465
730,None
731,https://www.sephora.com/productimages/sku/s1772821-main-zoom.jpg?imwidth=465
732,https://www.sephora.com/productimages/sku/s1899194-main-zoom.jpg?imwidth=465
733,None
734,https://www.sephora.com/productimages/sku/s1167139-main-zoom.jpg?imwidth=465
735,None
736,https://www.sephora.com/productimages/sku/s2532513-main-zoom.jpg?imwidth=465
737,https://www.sephora.com/productimages/sku/s1898220-main-zoom.jpg?imwidth=465
738,None
739,None
740,None
741,https://www.sephora.com/productimages/sku/s2073443-main-zoom.jpg?imwidth=465
742,https://www.sephora.com/productimages/sku/s2086296-main-zoom.jpg?imwidth=465
743,https://www.sephora.com/productimages/sku/s1176163-main-zoom.jpg?imwidth=465
744,None
745,https://www.sephora.com/productimages/sku/s1658434-main-zoom.jpg?imwidth=465
746,None
747,None
748,None
749,None
750,None
751,https://www.sephora.com/productimages/sku/s2144723-main-zoom.jpg?imwidth=465
752,None
753,https://www.sephora.com/productimages/sku/s1898774-main-zoom.jpg?imwidth=465
754,None
755,None
756,None
757,None
758,None
759,None
760,None
761,None
762,None
763,https://www.sephora.com/productimages/sku/s2002731-main-zoom.jpg?imwidth=465
764,None
765,None
766,None
767,None
768,None
769,None
770,None
771,https://www.sephora.com/productimages/sku/s1898634-main-zoom.jpg?imwidth=465
772,https://www.sephora.com/productimages/sku/s1675974-main-zoom.jpg?imwidth=465
773,None
774,None
775,https://www.sephora.com/productimages/sku/s2062420-main-zoom.jpg?imwidth=465
776,None
777,None
778,None
779,None
780,https://www.sephora.com/productimages/sku/s1924596-main-zoom.jpg?imwidth=465
781,None
782,None
783,None
784,None
785,None
786,https://www.sephora.com/productimages/sku/s2287126-main-zoom.jpg?imwidth=465
787,None
788,None
789,https://www.sephora.com/productimages/sku/s2028405-main-zoom.jpg?imwidth=465
790,None
791,https://www.sephora.com/productimages/sku/s2070944-main-zoom.jpg?imwidth=465
792,None
793,https://www.sephora.com/productimages/sku/s1446178-main-zoom.jpg?imwidth=465
794,None
795,None
796,https://www.sephora.com/productimages/sku/s654236-main-zoom.jpg?imwidth=465
797,None
798,None
799,None
800,None
801,None
802,None
803,None
804,None
805,https://www.sephora.com/productimages/sku/s1555218-main-zoom.jpg?imwidth=465
806,None
807,None
808,None
809,None
810,None
811,None
812,None
813,None
814,https://www.sephora.com/productimages/sku/s1893031-main-zoom.jpg?imwidth=465
815,None
816,None
817,https://www.sephora.com/productimages/sku/s1451038-main-zoom.jpg?imwidth=465
818,None
819,https://www.sephora.com/productimages/sku/s683136-main-zoom.jpg?imwidth=465
820,None
821,None
822,None
823,None
824,https://www.sephora.com/productimages/sku/s654293-main-zoom.jpg?imwidth=465
825,https://www.sephora.com/productimages/sku/s2083780-main-zoom.jpg?imwidth=465
826,https://www.sephora.com/productimages/sku/s1843788-main-zoom.jpg?imwidth=465
827,None
828,None
829,None
830,None
831,None
832,None
833,None
834,https://www.sephora.com/productimages/sku/s2113777-main-zoom.jpg?imwidth=465
835,None
836,None
837,None
838,None
839,None
840,None
841,https://www.sephora.com/productimages/sku/s2210300-main-zoom.jpg?imwidth=465
842,None
843,None
844,None
845,None
846,None
847,None
848,https://www.sephora.com/productimages/sku/s1851898-main-zoom.jpg?imwidth=465
849,None
850,https://www.sephora.com/productimages/sku/s1528264-main-zoom.jpg?imwidth=465
851,None
852,None
853,https://www.sephora.com/productimages/sku/s2032043-main-zoom.jpg?imwidth=465
854,None
855,None
856,None
857,None
858,None
859,https://www.sephora.com/productimages/sku/s2009223-main-zoom.jpg?imwidth=465
860,None
861,https://www.sephora.com/productimages/sku/s1545748-main-zoom.jpg?imwidth=465
862,None
863,None
864,https://www.sephora.com/productimages/sku/s1284413-main-zoom.jpg?imwidth=465
865,https://www.sephora.com/productimages/sku/s1381565-main-zoom.jpg?imwidth=465
866,None
867,None
868,None
869,None
870,None
871,https://www.sephora.com/productimages/sku/s2163020-main-zoom.jpg?imwidth=465
872,None
873,None
874,None
875,None
876,https://www.sephora.com/productimages/sku/s1027465-main-zoom.jpg?imwidth=465
877,None
878,None
879,None
880,None
881,None
882,None
883,None
884,None
885,None
886,None
887,None
888,None
889,None
890,None
891,None
892,None
893,https://www.sephora.com/productimages/sku/s564294-main-zoom.jpg?imwidth=465
894,None
895,https://www.sephora.com/productimages/sku/s1564491-main-zoom.jpg?imwidth=465
896,None
897,None
898,None
899,https://www.sephora.com/productimages/sku/s1957208-main-zoom.jpg?imwidth=465
900,https://www.sephora.com/productimages/sku/s1912385-main-zoom.jpg?imwidth=465
901,None
902,https://www.sephora.com/productimages/sku/s1448463-main-zoom.jpg?imwidth=465
903,None
904,None
905,None
906,None
907,https://www.sephora.com/productimages/sku/s2473361-main-zoom.jpg?imwidth=465
908,None
909,https://www.sephora.com/productimages/sku/s1673888-main-zoom.jpg?imwidth=465
910,https://www.sephora.com/productimages/sku/s1966258-main-zoom.jpg?imwidth=465
911,None
912,https://www.sephora.com/productimages/sku/s562090-main-zoom.jpg?imwidth=465
913,None
914,https://www.sephora.com/productimages/sku/s1989359-main-zoom.jpg?imwidth=465
915,https://www.sephora.com/productimages/sku/s1100742-main-zoom.jpg?imwidth=465
916,https://www.sephora.com/productimages/sku/s2149409-main-zoom.jpg?imwidth=465
917,None
918,None
919,https://www.sephora.com/productimages/sku/s1754589-main-zoom.jpg?imwidth=465
920,https://www.sephora.com/productimages/sku/s1932409-main-zoom.jpg?imwidth=465
921,None
922,https://www.sephora.com/productimages/sku/s1723881-main-zoom.jpg?imwidth=465
923,None
924,https://www.sephora.com/productimages/sku/s2175388-main-zoom.jpg?imwidth=465
925,None
926,https://www.sephora.com/productimages/sku/s1809318-main-zoom.jpg?imwidth=465
927,https://www.sephora.com/productimages/sku/s1956408-main-zoom.jpg?imwidth=465
928,None
929,https://www.sephora.com/productimages/sku/s2111649-main-zoom.jpg?imwidth=465
930,None
931,None
932,None
933,None
934,None
935,None
936,None
937,None
938,https://www.sephora.com/productimages/sku/s2087237-main-zoom.jpg?imwidth=465
939,https://www.sephora.com/productimages/sku/s1632868-main-zoom.jpg?imwidth=465
940,None
941,None
942,None
943,https://www.sephora.com/productimages/sku/s2030252-main-zoom.jpg?imwidth=465
944,https://www.sephora.com/productimages/sku/s2100659-main-zoom.jpg?imwidth=465
945,https://www.sephora.com/productimages/sku/s2175396-main-zoom.jpg?imwidth=465
946,None
947,None
948,None
949,None
950,https://www.sephora.com/productimages/sku/s2154458-main-zoom.jpg?imwidth=465
951,None
952,None
953,None
954,https://www.sephora.com/productimages/sku/s2175412-main-zoom.jpg?imwidth=465
955,None
956,https://www.sephora.com/productimages/sku/s1484641-main-zoom.jpg?imwidth=465
957,None
958,https://www.sephora.com/productimages/sku/s2102002-main-zoom.jpg?imwidth=465
959,None
960,None
961,https://www.sephora.com/productimages/sku/s1507565-main-zoom.jpg?imwidth=465
962,None
963,https://www.sephora.com/productimages/sku/s1448422-main-zoom.jpg?imwidth=465
964,None
965,None
966,None
967,None
968,https://www.sephora.com/productimages/sku/s2100642-main-zoom.jpg?imwidth=465
969,https://www.sephora.com/productimages/sku/s2073237-main-zoom.jpg?imwidth=465
970,https://www.sephora.com/productimages/sku/s1698018-main-zoom.jpg?imwidth=465
971,None
972,None
973,None
974,None
975,https://www.sephora.com/productimages/sku/s1723881-main-zoom.jpg?imwidth=465
976,None
977,None
978,None
979,None
980,None
981,None
982,None
983,None
984,None
985,https://www.sephora.com/productimages/sku/s898510-main-zoom.jpg?imwidth=465
986,None
987,https://www.sephora.com/productimages/sku/s1912013-main-zoom.jpg?imwidth=465
988,None
989,None
990,https://www.sephora.com/productimages/sku/s1743277-main-zoom.jpg?imwidth=465
991,None
992,None
993,None
994,https://www.sephora.com/productimages/sku/s2118404-main-zoom.jpg?imwidth=465
995,https://www.sephora.com/productimages/sku/s1446178-main-zoom.jpg?imwidth=465
996,None
997,None
998,None
999,https://www.sephora.com/productimages/sku/s2027860-main-zoom.jpg?imwidth=465
1000,None
1001,None
1002,None
1003,None
1004,None
1005,https://www.sephora.com/productimages/sku/s1684877-main-zoom.jpg?imwidth=465
1006,None
1007,https://www.sephora.com/productimages/sku/s1949635-main-zoom.jpg?imwidth=465
1008,None
1009,None
1010,None
1011,None
1012,None
1013,None
1014,None
1015,None
1016,None
1017,None
1018,None
1019,https://www.sephora.com/productimages/sku/s1973734-main-zoom.jpg?imwidth=465
1020,None
1021,None
1022,https://www.sephora.com/productimages/sku/s1821511-main-zoom.jpg?imwidth=465
1023,None
1024,None
1025,None
1026,None
1027,None
1028,None
1029,None
1030,https://www.sephora.com/productimages/sku/s1851898-main-zoom.jpg?imwidth=465
1031,None
1032,None
1033,None
1034,None
1035,None
1036,None
1037,https://www.sephora.com/productimages/sku/s1730431-main-zoom.jpg?imwidth=465
1038,None
1039,https://www.sephora.com/productimages/sku/s1723873-main-zoom.jpg?imwidth=465
1040,https://www.sephora.com/productimages/sku/s2132132-main-zoom.jpg?imwidth=465
1041,https://www.sephora.com/productimages/sku/s2106169-main-zoom.jpg?imwidth=465
1042,None
1043,None
1044,None
1045,None
1046,None
1047,None
1048,https://www.sephora.com/productimages/sku/s1890631-main-zoom.jpg?imwidth=465
1049,None
1050,https://www.sephora.com/productimages/sku/s1723832-main-zoom.jpg?imwidth=465
1051,None
1052,None
1053,None
1054,None
1055,https://www.sephora.com/productimages/sku/s2106151-main-zoom.jpg?imwidth=465
1056,None
1057,https://www.sephora.com/productimages/sku/s2117208-main-zoom.jpg?imwidth=465
1058,https://www.sephora.com/productimages/sku/s1540418-main-zoom.jpg?imwidth=465
1059,https://www.sephora.com/productimages/sku/s2048940-main-zoom.jpg?imwidth=465
1060,None
1061,None
1062,None
1063,None
1064,None
1065,None
1066,None
1067,None
1068,None
1069,None
1070,None
1071,None
1072,None
1073,None
1074,None
1075,None
1076,None
1077,https://www.sephora.com/productimages/sku/s2353225-main-zoom.jpg?imwidth=465
1078,None
1079,None
1080,None
1081,https://www.sephora.com/productimages/sku/s1684869-main-zoom.jpg?imwidth=465
1082,None
1083,https://www.sephora.com/productimages/sku/s1819952-main-zoom.jpg?imwidth=465
1084,None
1085,None
1086,None
1087,None
1088,None
1089,None
1090,None
1091,https://www.sephora.com/productimages/sku/s2062933-main-zoom.jpg?imwidth=465
1092,https://www.sephora.com/productimages/sku/s1858372-main-zoom.jpg?imwidth=465
1093,None
1094,None
1095,None
1096,None
1097,None
1098,None
1099,None
1100,https://www.sephora.com/productimages/sku/s1862317-main-zoom.jpg?imwidth=465
1101,None
1102,None
1103,None
1104,None
1105,None
1106,None
1107,None
1108,None
1109,https://www.sephora.com/productimages/sku/s2148989-main-zoom.jpg?imwidth=465
1110,None
1111,None
1112,None
1113,None
1114,None
1115,None
1116,None
1117,https://www.sephora.com/productimages/sku/s1192921-main-zoom.jpg?imwidth=465
1118,None
1119,None
1120,None
1121,None
1122,https://www.sephora.com/productimages/sku/s2148971-main-zoom.jpg?imwidth=465
1123,None
1124,None
1125,None
1126,None
1127,None
1128,None
1129,None
1130,None
1131,https://www.sephora.com/productimages/sku/s1723840-main-zoom.jpg?imwidth=465
1132,https://www.sephora.com/productimages/sku/s1723865-main-zoom.jpg?imwidth=465
1133,None
1134,None
1135,None
1136,None
1137,None
1138,https://www.sephora.com/productimages/sku/s1723857-main-zoom.jpg?imwidth=465
1139,None
1140,None
1141,None
1142,None
1143,None
1144,None
1145,None
1146,None
1147,None
1148,None
1149,None
1150,None
1151,None
1152,https://www.sephora.com/productimages/sku/s1932417-main-zoom.jpg?imwidth=465
1153,None
1154,https://www.sephora.com/productimages/sku/s1560879-main-zoom.jpg?imwidth=465
1155,None
1156,None
1157,None
1158,None
1159,None
1160,https://www.sephora.com/productimages/sku/s1897602-main-zoom.jpg?imwidth=465
1161,None
1162,None
1163,None
1164,None
1165,None
1166,None
1167,None
1168,None
1169,None
1170,None
1171,None
1172,None
1173,None
1174,None
1175,None
1176,None
1177,None
1178,None
1179,None
1180,None
1181,None
1182,None
1183,None
1184,None
1185,None
1186,None
1187,None
1188,None
1189,None
1190,None
1191,None
1192,None
1193,None
1194,None
1195,None
1196,None
1197,None
1198,https://www.sephora.com/productimages/sku/s1897610-main-zoom.jpg?imwidth=465
1199,None
1200,None
1201,None
1202,https://www.sephora.com/productimages/sku/s2062081-main-zoom.jpg?imwidth=465
1203,None
1204,https://www.sephora.com/productimages/sku/s1988815-main-zoom.jpg?imwidth=465
1205,None
1206,None
1207,https://www.sephora.com/productimages/sku/s1585983-main-zoom.jpg?imwidth=465
1208,https://www.sephora.com/productimages/sku/s1997394-main-zoom.jpg?imwidth=465
1209,https://www.sephora.com/productimages/sku/s1932326-main-zoom.jpg?imwidth=465
1210,None
1211,None
1212,https://www.sephora.com/productimages/sku/s1594167-main-zoom.jpg?imwidth=465
1213,None
1214,https://www.sephora.com/productimages/sku/s971473-main-zoom.jpg?imwidth=465
1215,None
1216,https://www.sephora.com/productimages/sku/s1868124-main-zoom.jpg?imwidth=465
1217,None
1218,None
1219,https://www.sephora.com/productimages/sku/s2051928-main-zoom.jpg?imwidth=465
1220,https://www.sephora.com/productimages/sku/s1710276-main-zoom.jpg?imwidth=465
1221,https://www.sephora.com/productimages/sku/s1976984-main-zoom.jpg?imwidth=465
1222,None
1223,None
1224,https://www.sephora.com/productimages/sku/s2156925-main-zoom.jpg?imwidth=465
1225,None
1226,https://www.sephora.com/productimages/sku/s1809318-main-zoom.jpg?imwidth=465
1227,None
1228,None
1229,https://www.sephora.com/productimages/sku/s1932300-main-zoom.jpg?imwidth=465
1230,None
1231,https://www.sephora.com/productimages/sku/s126581-main-zoom.jpg?imwidth=465
1232,None
1233,None
1234,None
1235,None
1236,None
1237,https://www.sephora.com/productimages/sku/s2156925-main-zoom.jpg?imwidth=465
1238,https://www.sephora.com/productimages/sku/s2009272-main-zoom.jpg?imwidth=465
1239,None
1240,None
1241,https://www.sephora.com/productimages/sku/s1863117-main-zoom.jpg?imwidth=465
1242,None
1243,None
1244,https://www.sephora.com/productimages/sku/s2555530-main-zoom.jpg?imwidth=465
1245,https://www.sephora.com/productimages/sku/s2058154-main-zoom.jpg?imwidth=465
1246,https://www.sephora.com/productimages/sku/s1774819-main-zoom.jpg?imwidth=465
1247,None
1248,https://www.sephora.com/productimages/sku/s2051134-main-zoom.jpg?imwidth=465
1249,None
1250,None
1251,https://www.sephora.com/productimages/sku/s769836-main-zoom.jpg?imwidth=465
1252,None
1253,https://www.sephora.com/productimages/sku/s1486836-main-zoom.jpg?imwidth=465
1254,https://www.sephora.com/productimages/sku/s1291988-main-zoom.jpg?imwidth=465
1255,None
1256,None
1257,https://www.sephora.com/productimages/sku/s1375849-main-zoom.jpg?imwidth=465
1258,https://www.sephora.com/productimages/sku/s1782085-main-zoom.jpg?imwidth=465
1259,https://www.sephora.com/productimages/sku/s1930791-main-zoom.jpg?imwidth=465
1260,https://www.sephora.com/productimages/sku/s1287960-main-zoom.jpg?imwidth=465
1261,https://www.sephora.com/productimages/sku/s2020634-main-zoom.jpg?imwidth=465
1262,None
1263,None
1264,None
1265,None
1266,https://www.sephora.com/productimages/sku/s1772821-main-zoom.jpg?imwidth=465
1267,None
1268,None
1269,None
1270,None
1271,https://www.sephora.com/productimages/sku/s1408145-main-zoom.jpg?imwidth=465
1272,None
1273,None
1274,None
1275,https://www.sephora.com/productimages/sku/s1484625-main-zoom.jpg?imwidth=465
1276,None
1277,None
1278,None
1279,None
1280,None
1281,None
1282,None
1283,https://www.sephora.com/productimages/sku/s1234897-main-zoom.jpg?imwidth=465
1284,None
1285,None
1286,None
1287,None
1288,https://www.sephora.com/productimages/sku/s1862275-main-zoom.jpg?imwidth=465
1289,None
1290,None
1291,None
1292,None
1293,None
1294,None
1295,None
1296,https://www.sephora.com/productimages/sku/s1675206-main-zoom.jpg?imwidth=465
1297,None
1298,None
1299,https://www.sephora.com/productimages/sku/s502443-main-zoom.jpg?imwidth=465
1300,None
1301,None
1302,None
1303,None
1304,None
1305,None
1306,None
1307,None
1308,https://www.sephora.com/productimages/sku/s2028546-main-zoom.jpg?imwidth=465
1309,https://www.sephora.com/productimages/sku/s1644376-main-zoom.jpg?imwidth=465
1310,None
1311,None
1312,None
1313,None
1314,None
1315,https://www.sephora.com/productimages/sku/s1324193-main-zoom.jpg?imwidth=465
1316,None
1317,None
1318,https://www.sephora.com/productimages/sku/s1782515-main-zoom.jpg?imwidth=465
1319,None
1320,None
1321,https://www.sephora.com/productimages/sku/s1929421-main-zoom.jpg?imwidth=465
1322,None
1323,None
1324,None
1325,None
1326,None
1327,None
1328,None
1329,None
1330,https://www.sephora.com/productimages/sku/s1438787-main-zoom.jpg?imwidth=465
1331,https://www.sephora.com/productimages/sku/s2486223-main-zoom.jpg?imwidth=465
1332,None
1333,None
1334,None
1335,https://www.sephora.com/productimages/sku/s1890631-main-zoom.jpg?imwidth=465
1336,None
1337,None
1338,None
1339,None
1340,None
1341,None
1342,https://www.sephora.com/productimages/sku/s2163046-main-zoom.jpg?imwidth=465
1343,None
1344,None
1345,None
1346,None
1347,None
1348,https://www.sephora.com/productimages/sku/s1976406-main-zoom.jpg?imwidth=465
1349,None
1350,None
1351,None
1352,None
1353,None
1354,None
1355,https://www.sephora.com/productimages/sku/s1167204-main-zoom.jpg?imwidth=465
1356,None
1357,None
1358,None
1359,None
1360,None
1361,https://www.sephora.com/productimages/sku/s2058014-main-zoom.jpg?imwidth=465
1362,None
1363,None
1364,None
1365,None
1366,None
1367,None
1368,None
1369,https://www.sephora.com/productimages/sku/s2163053-main-zoom.jpg?imwidth=465
1370,None
1371,https://www.sephora.com/productimages/sku/s1572635-main-zoom.jpg?imwidth=465
1372,None
1373,None
1374,None
1375,None
1376,None
1377,None
1378,None
1379,None
1380,None
1381,None
1382,None
1383,None
1384,None
1385,None
1386,None
1387,None
1388,None
1389,https://www.sephora.com/productimages/sku/s1564483-main-zoom.jpg?imwidth=465
1390,None
1391,https://www.sephora.com/productimages/sku/s1862481-main-zoom.jpg?imwidth=465
1392,None
1393,https://www.sephora.com/productimages/sku/s2122299-main-zoom.jpg?imwidth=465
1394,None
1395,None
1396,None
1397,None
1398,None
1399,None
1400,None
1401,None
1402,None
1403,None
1404,None
1405,None
1406,None
1407,None
1408,https://www.sephora.com/productimages/sku/s2032068-main-zoom.jpg?imwidth=465
1409,None
1410,None
1411,None
1412,None
1413,None
1414,None
1415,None
1416,None
1417,https://www.sephora.com/productimages/sku/s2599835-main-zoom.jpg?imwidth=465
1418,https://www.sephora.com/productimages/sku/s2250595-main-zoom.jpg?imwidth=465
1419,None
1420,https://www.sephora.com/productimages/sku/s2449478-main-zoom.jpg?imwidth=465
1421,None
1422,https://www.sephora.com/productimages/sku/s1396399-main-zoom.jpg?imwidth=465
1423,https://www.sephora.com/productimages/sku/s2088276-main-zoom.jpg?imwidth=465
1424,None
1425,https://www.sephora.com/productimages/sku/s2413045-main-zoom.jpg?imwidth=465
1426,None
1427,None
1428,https://www.sephora.com/productimages/sku/s1855709-main-zoom.jpg?imwidth=465
1429,None
1430,None
1431,https://www.sephora.com/productimages/sku/s1869015-main-zoom.jpg?imwidth=465
1432,None
1433,https://www.sephora.com/productimages/sku/s759779-main-zoom.jpg?imwidth=465
1434,None
1435,https://www.sephora.com/productimages/sku/s662429-main-zoom.jpg?imwidth=465
1436,None
1437,None
1438,https://www.sephora.com/productimages/sku/s2227619-main-zoom.jpg?imwidth=465
1439,None
1440,None
1441,None
1442,None
1443,https://www.sephora.com/productimages/sku/s2145340-main-zoom.jpg?imwidth=465
1444,None
1445,https://www.sephora.com/productimages/sku/s2664167-main-zoom.jpg?imwidth=465
1446,https://www.sephora.com/productimages/sku/s1566124-main-zoom.jpg?imwidth=465
1447,None
1448,None
1449,https://www.sephora.com/productimages/sku/s2212058-main-zoom.jpg?imwidth=465
1450,https://www.sephora.com/productimages/sku/s1826148-main-zoom.jpg?imwidth=465
1451,None
1452,None
1453,https://www.sephora.com/productimages/sku/s1207174-main-zoom.jpg?imwidth=465
1454,https://www.sephora.com/productimages/sku/s1509512-main-zoom.jpg?imwidth=465
1455,None
1456,None
1457,https://www.sephora.com/productimages/sku/s1933076-main-zoom.jpg?imwidth=465
1458,https://www.sephora.com/productimages/sku/s2170330-main-zoom.jpg?imwidth=465
1459,None
1460,https://www.sephora.com/productimages/sku/s2170348-main-zoom.jpg?imwidth=465
1461,None
1462,None
1463,https://www.sephora.com/productimages/sku/s1420223-main-zoom.jpg?imwidth=465
1464,None
1465,None
1466,None
1467,None
1468,None
1469,None
1470,None
1471,https://www.sephora.com/productimages/sku/s1459155-main-zoom.jpg?imwidth=465
1472,None
1473,https://www.sephora.com/productimages/sku/s1900133-main-zoom.jpg?imwidth=465
1474,https://www.sephora.com/productimages/sku/s1683861-main-zoom.jpg?imwidth=465
1475,None
1476,None
1477,https://www.sephora.com/productimages/sku/s1468164-main-zoom.jpg?imwidth=465
1478,None
1479,None
1480,https://www.sephora.com/productimages/sku/s1988625-main-zoom.jpg?imwidth=465
1481,None
1482,https://www.sephora.com/productimages/sku/s2062842-main-zoom.jpg?imwidth=465
1483,None
1484,None
1485,None
1486,https://www.sephora.com/productimages/sku/s2451383-main-zoom.jpg?imwidth=465
1487,None
1488,None
1489,None
1490,None
1491,None
1492,https://www.sephora.com/productimages/sku/s2210268-main-zoom.jpg?imwidth=465
1493,None
1494,None
1495,https://www.sephora.com/productimages/sku/s1800275-main-zoom.jpg?imwidth=465
1496,None
1497,https://www.sephora.com/productimages/sku/s2009249-main-zoom.jpg?imwidth=465
1498,https://www.sephora.com/productimages/sku/s1826155-main-zoom.jpg?imwidth=465
1499,None
1500,None
1501,None
1502,None
1503,None
1504,None
1505,None
1506,https://www.sephora.com/productimages/sku/s1774827-main-zoom.jpg?imwidth=465
1507,https://www.sephora.com/productimages/sku/s1417302-main-zoom.jpg?imwidth=465
1508,None
1509,None
1510,None
1511,None
1512,None
1513,None
1514,None
1515,None
1516,None
1517,None
1518,https://www.sephora.com/productimages/sku/s1988955-main-zoom.jpg?imwidth=465
1519,https://www.sephora.com/productimages/sku/s1932441-main-zoom.jpg?imwidth=465
1520,None
1521,None
1522,https://www.sephora.com/productimages/sku/s1594175-main-zoom.jpg?imwidth=465
1523,None
1524,https://www.sephora.com/productimages/sku/s2435261-main-zoom.jpg?imwidth=465
1525,None
1526,None
1527,None
1528,None
1529,https://www.sephora.com/productimages/sku/s2322790-main-zoom.jpg?imwidth=465
1530,None
1531,None
1532,None
1533,https://www.sephora.com/productimages/sku/s1151711-main-zoom.jpg?imwidth=465
1534,None
1535,None
1536,None
1537,None
1538,https://www.sephora.com/productimages/sku/s1774850-main-zoom.jpg?imwidth=465
1539,None
1540,https://www.sephora.com/productimages/sku/s1240449-main-zoom.jpg?imwidth=465
1541,https://www.sephora.com/productimages/sku/s1898725-main-zoom.jpg?imwidth=465
1542,None
1543,None
1544,None
1545,None
1546,None
1547,None
1548,None
1549,None
1550,https://www.sephora.com/productimages/sku/s1701671-main-zoom.jpg?imwidth=465
1551,None
1552,None
1553,None
1554,None
1555,https://www.sephora.com/productimages/sku/s1456102-main-zoom.jpg?imwidth=465
1556,https://www.sephora.com/productimages/sku/s1809383-main-zoom.jpg?imwidth=465
1557,None
1558,None
1559,None
1560,None
1561,None
1562,None
1563,None
1564,None
1565,None
1566,https://www.sephora.com/productimages/sku/s1718253-main-zoom.jpg?imwidth=465
1567,None
1568,None
1569,None
1570,None
1571,None
1572,None
1573,https://www.sephora.com/productimages/sku/s1809227-main-zoom.jpg?imwidth=465
1574,None
1575,None
1576,None
1577,None
1578,None
1579,https://www.sephora.com/productimages/sku/s999565-main-zoom.jpg?imwidth=465
1580,https://www.sephora.com/productimages/sku/s2334332-main-zoom.jpg?imwidth=465
1581,None
1582,None
1583,None
1584,None
1585,None
1586,None
1587,None
1588,None
1589,None
1590,None
1591,None
1592,None
1593,None
1594,None
1595,None
1596,None
1597,None
1598,https://www.sephora.com/productimages/sku/s1718261-main-zoom.jpg?imwidth=465
1599,None
1600,None
1601,None
1602,None
1603,None
1604,None
1605,None
1606,None
1607,None
1608,None
1609,None
1610,None
1611,None
1612,https://www.sephora.com/productimages/sku/s2009231-main-zoom.jpg?imwidth=465
1613,None
1614,None
1615,None
1616,None
1617,None
1618,None
1619,None
1620,None
1621,None
1622,None
1623,None
1624,None
1625,None
1626,None
1627,None
1628,None
1629,None
